Word,Frequency
description available,1.0
make sure,0.7998812351543944
need,0.4519002375296912
robot,0.3996437054631829
browser,0.3996437054631829
best results,0.3996437054631829
results please,0.3996437054631829
please make,0.3996437054631829
accepting cookies,0.3996437054631829
will,0.37054631828978624
place,0.2666270783847981
book,0.26306413301662707
order,0.25415676959619954
short,0.2529691211401425
life,0.24762470308788598
trying,0.24643705463182897
traffic,0.23812351543942992
piling,0.2375296912114014
processed,0.2375296912114014
rush hour,0.2375296912114014
page Please,0.2375296912114014
Please try,0.2375296912114014
time Go,0.2375296912114014
home page,0.2375296912114014
continue shopping,0.2375296912114014
Amazon,0.20605700712589073
world,0.19418052256532067
one,0.18171021377672208
available Sorry,0.14667458432304037
Sorry,0.1336104513064133
new,0.11995249406175772
work,0.11757719714964371
way,0.1163895486935867
people,0.11163895486935867
love,0.09798099762470308
year,0.09382422802850356
time,0.09382422802850356
u,0.09204275534441805
Oops,0.08491686460807601
live,0.08076009501187649
story,0.07897862232779097
s,0.07838479809976247
business,0.07779097387173396
read,0.07482185273159145
first,0.07422802850356294
cookies Sorry,0.07244655581947744
available Oops,0.07244655581947744
guide,0.07185273159144893
many,0.06828978622327792
power,0.0671021377672209
change,0.0665083135391924
Now,0.0665083135391924
stories,0.06532066508313539
novel,0.06413301662707839
great,0.06413301662707839
Brought,0.062351543942992874
Secret,0.062351543942992874
success,0.06175771971496437
best selling,0.060570071258907364
history,0.05938242280285035
know,0.05938242280285035
author,0.058788598574821854
want,0.058788598574821854
mind,0.055819477434679333
come,0.055819477434679333
day,0.05463182897862233
God,0.05463182897862233
audiobook edition,0.05463182897862233
become,0.054038004750593824
science,0.05344418052256532
written,0.05344418052256532
India,0.05344418052256532
relationship,0.05285035629453682
find,0.052256532066508314
man,0.05166270783847981
cookies Oops,0.05166270783847981
women,0.04928741092636579
learn,0.048693586698337295
shopping Sorry,0.048693586698337295
even,0.047505938242280284
human,0.047505938242280284
take,0.047505938242280284
classic,0.04691211401425178
good,0.045724465558194774
two,0.04513064133016627
step,0.04513064133016627
series,0.04453681710213777
Penguin,0.043942992874109264
help,0.043942992874109264
self,0.04275534441805225
better,0.042161520190023755
today,0.04156769596199525
every,0.040973871733966744
well,0.040973871733966744
thing,0.040380047505938245
money,0.03978622327790974
New York,0.03978622327790974
show,0.039192399049881234
spiritual,0.039192399049881234
experience,0.03859857482185273
family,0.03859857482185273
death,0.03859857482185273
question,0.03859857482185273
important,0.03859857482185273
body,0.03800475059382423
idea,0.03800475059382423
best seller,0.03800475059382423
leader,0.03681710213776722
brain,0.03622327790973872
purchase,0.035629453681710214
skill,0.03503562945368171
York Times,0.03503562945368171
agree,0.03503562945368171
right,0.03503562945368171
Amazon Privacy,0.0344418052256532
Recurring Payment,0.0344418052256532
Audible Recurring,0.0344418052256532
applicable Audible,0.0344418052256532
Privacy Notice,0.0344418052256532
Payment Terms,0.0344418052256532
Use Amazon,0.0344418052256532
s Conditions,0.0344418052256532
Audible s,0.0344418052256532
powerful,0.0344418052256532
never,0.0344418052256532
completing,0.0344418052256532
made,0.033847980997624705
back,0.033847980997624705
offer,0.033847980997624705
men,0.033847980997624705
young,0.0332541567695962
around,0.0332541567695962
collection,0.032660332541567694
without,0.032660332541567694
age,0.032660332541567694
three,0.032660332541567694
much,0.032066508313539195
think,0.032066508313539195
dream,0.032066508313539195
Penguin presents,0.032066508313539195
selling author,0.032066508313539195
set,0.03147268408551069
truth,0.03147268408551069
tale,0.03147268408551069
word,0.03147268408551069
Times best,0.03147268408551069
friend,0.030878859857482184
listener,0.030878859857482184
school,0.030878859857482184
feel,0.030878859857482184
Indian,0.030878859857482184
audiobook,0.030878859857482184
thought,0.030878859857482184
master,0.030285035629453682
Art,0.030285035629453682
everything,0.030285035629453682
American,0.030285035629453682
heart,0.030285035629453682
wisdom,0.029691211401425176
say,0.029691211401425176
modern,0.029691211401425176
achieve,0.029691211401425176
present,0.029097387173396674
simple,0.029097387173396674
nature,0.029097387173396674
million,0.029097387173396674
living,0.028503562945368172
understand,0.028503562945368172
often,0.028503562945368172
shopping Oops,0.028503562945368172
system,0.027909738717339667
yet,0.027909738717339667
Go,0.027909738717339667
four,0.027909738717339667
practice,0.027909738717339667
still,0.027315914489311165
lost,0.027315914489311165
journey,0.027315914489311165
War,0.027315914489311165
Dr,0.027315914489311165
different,0.027315914489311165
complete,0.02672209026128266
others,0.02672209026128266
high,0.02672209026128266
Girl,0.02672209026128266
tell,0.02672209026128266
include,0.02672209026128266
personal,0.02672209026128266
discover,0.026128266033254157
children,0.026128266033254157
law,0.026128266033254157
start,0.026128266033254157
Use,0.02553444180522565
ancient,0.02553444180522565
home,0.02553444180522565
economic,0.02553444180522565
principle,0.02553444180522565
past,0.02494061757719715
last,0.02494061757719715
health,0.02494061757719715
